allow_message,answer_count,articles_count,avatar_url,avatar_url_template,badge,employments,follower_count,gender,headline,id,is_advertiser,is_blocking,is_followed,is_following,is_org,name,type,url,url_token,user_type
False,18250,91,https://pic3.zhimg.com/v2-1bea18837914ab5a40537d515ed3219c_is.jpg,https://pic3.zhimg.com/v2-1bea18837914ab5a40537d515ed3219c_{size}.jpg,,"[{'company': {'url': 'http://www.zhihu.com/api/v4/topics/19557307', 'avatar_url': 'https://pic4.zhimg.com/v2-d3a9ee5ba3a2fe711087787c6169dcca_is.jpg', 'name': 'Microsoft Office', 'introduction': 'Microsoft Office 是一套由微软开发的办公软件。', 'type': 'topic', 'excerpt': 'Microsoft Office 是一套由微软开发的办公软件。', 'id': '19557307'}, 'job': {'url': 'http://www.zhihu.com/api/v4/topics/19578588', 'avatar_url': 'https://pic3.zhimg.com/e82bab09c_is.jpg', 'name': 'Developer', 'introduction': '', 'type': 'topic', 'excerpt': '', 'id': '19578588'}}]",665710,1,"专业造轮子，拉黑抢前排。<a href=""https://link.zhihu.com/?target=http%3A//gaclib.net"" class="" external"" target=""_blank"" rel=""nofollow noreferrer""><span class=""invisible"">http://</span><span class=""visible"">gaclib.net</span><span class=""invisible""></span></a>",0970f947b898ecc0ec035f9126dd4e08,False,False,False,False,False,vczh,people,http://www.zhihu.com/api/v4/people/0970f947b898ecc0ec035f9126dd4e08,excited-vczh,people
False,3,0,https://pic3.zhimg.com/v2-46e2030acc0af574c9745f61c76d887d_is.jpg,https://pic3.zhimg.com/v2-46e2030acc0af574c9745f61c76d887d_{size}.jpg,,,176,0,经济学在读,fbcd7dc6ce23b9c577c36051e439d258,False,False,False,False,False,小仙女,people,http://www.zhihu.com/api/v4/people/fbcd7dc6ce23b9c577c36051e439d258,sunny-92-95-79,people
False,8,0,https://pic4.zhimg.com/149d88cebb1ed9f182fcc54ca7447d80_is.jpg,https://pic4.zhimg.com/149d88cebb1ed9f182fcc54ca7447d80_{size}.jpg,,,91,0,lo娘,4c8341643cf1d21638a06976cb23d6e8,False,False,False,False,False,yeah mag,people,http://www.zhihu.com/api/v4/people/4c8341643cf1d21638a06976cb23d6e8,yeah-mag,people
False,18,0,https://pic2.zhimg.com/v2-f28b4a70b5f4eb5297ca649d3b9f08cd_is.jpg,https://pic2.zhimg.com/v2-f28b4a70b5f4eb5297ca649d3b9f08cd_{size}.jpg,,,383,-1,懒,24647431938675bc90838cda0ff6e367,False,False,False,False,False,Rachel,people,http://www.zhihu.com/api/v4/people/24647431938675bc90838cda0ff6e367,rachel-97-86-93,people
False,49,0,https://pic1.zhimg.com/v2-7f59609bb3fd7e543f6d39e020e4c12a_is.jpg,https://pic1.zhimg.com/v2-7f59609bb3fd7e543f6d39e020e4c12a_{size}.jpg,,,903,0,"想养猫咪却养了守宫的二点五次元合法萝莉
公众号:【这里有只大怪兽】，欢迎来玩♥",8b8fcf795ee2e0152a672f30952e0d30,False,False,False,False,False,怪兽叁叁,people,http://www.zhihu.com/api/v4/people/8b8fcf795ee2e0152a672f30952e0d30,zhang-ju-man,people
False,87,12,https://pic2.zhimg.com/v2-84c8c39008614fd8267fa79f27067385_is.jpg,https://pic2.zhimg.com/v2-84c8c39008614fd8267fa79f27067385_{size}.jpg,,,340,0,,8ea8d28307ce852c93fa8ab630e487d5,False,False,False,False,False,哈哈兔仙,people,http://www.zhihu.com/api/v4/people/8ea8d28307ce852c93fa8ab630e487d5,xia-ying-chun-68,people
False,4,0,https://pic4.zhimg.com/v2-0e2368f400a110c64e13e9a021f2f808_is.jpg,https://pic4.zhimg.com/v2-0e2368f400a110c64e13e9a021f2f808_{size}.jpg,,,622,0,大二在读/爱好欧美电影音乐/资深吃货,b5fe4e1db737294fd9d37db9384fe1c3,False,False,False,False,False,Raina 木木夕,people,http://www.zhihu.com/api/v4/people/b5fe4e1db737294fd9d37db9384fe1c3,mu-mu-xi-12-98,people
False,7,0,https://pic2.zhimg.com/v2-ae22b1c4da7776e0a87d9d25308d34d5_is.jpg,https://pic2.zhimg.com/v2-ae22b1c4da7776e0a87d9d25308d34d5_{size}.jpg,,,2421,0,做一个有趣的人,c08a3a9993ae3ba66cdd78809eb1d7bb,False,False,False,False,False,Penny王,people,http://www.zhihu.com/api/v4/people/c08a3a9993ae3ba66cdd78809eb1d7bb,pennywang-87,people
False,2,0,https://pic4.zhimg.com/v2-1e1426d46a926e5d1e6674a3fc003439_is.jpg,https://pic4.zhimg.com/v2-1e1426d46a926e5d1e6674a3fc003439_{size}.jpg,,,254,0,19岁大一法科生 微博：绿里闲,d90ceaddeb1a01b133a707324f69c950,False,False,False,False,False,网友小王,people,http://www.zhihu.com/api/v4/people/d90ceaddeb1a01b133a707324f69c950,mile-72,people
False,2,0,https://pic2.zhimg.com/v2-db54a5b0507490b6b2659227021d7073_is.jpg,https://pic2.zhimg.com/v2-db54a5b0507490b6b2659227021d7073_{size}.jpg,,,4,0,法律专业学生,bf582aba83da9217f50d510b2ac65e0b,False,False,False,False,False,大胡子凡,people,http://www.zhihu.com/api/v4/people/bf582aba83da9217f50d510b2ac65e0b,liu-ying-fan-4,people
False,0,0,https://pic4.zhimg.com/v2-de19d0b4dabcb50b68b48c98eeb9cd72_is.jpg,https://pic4.zhimg.com/v2-de19d0b4dabcb50b68b48c98eeb9cd72_{size}.jpg,,,1,0,学生,91e79357d04652071dde4ae613fba747,False,False,False,False,False,去蕊汀儿,people,http://www.zhihu.com/api/v4/people/91e79357d04652071dde4ae613fba747,dora-12-65,people
False,0,1,https://pic2.zhimg.com/v2-614b63fedd332810ba261891ad32357e_is.jpg,https://pic2.zhimg.com/v2-614b63fedd332810ba261891ad32357e_{size}.jpg,,,0,-1,,1c4c7bfbe1f9b95644fa47bb61c405e4,False,False,False,False,False,opency,people,http://www.zhihu.com/api/v4/people/1c4c7bfbe1f9b95644fa47bb61c405e4,guolj-86,people
False,21,0,https://pic3.zhimg.com/860bcb6de18d09f467fa0bad4f2bc0c7_is.jpg,https://pic3.zhimg.com/860bcb6de18d09f467fa0bad4f2bc0c7_{size}.jpg,,"[{'company': {'introduction': 'IBM 即国际商业机器公司（International Business Machines Corporation）。总部在纽约州阿蒙克市，1911年创立于美国，是全球最大的信息技术和业务解决方案公司。 目前拥有全球雇员 30多万人，业务遍及160多个国家和地区。', 'avatar_url': 'https://pic3.zhimg.com/ce206e4b4_is.jpg', 'name': 'IBM', 'url': 'http://www.zhihu.com/api/v4/topics/19559399', 'type': 'topic', 'excerpt': 'IBM 即国际商业机器公司（International Business Machines Corporation）。总部在纽约州阿蒙克市，1911年创立于美国，是全球最大的信息技术和业务解决方案公司。 目前拥有全球雇员 30多万人，业务遍及160多个国家和地区。', 'id': '19559399'}, 'job': {'introduction': '', 'avatar_url': 'https://pic3.zhimg.com/e82bab09c_is.jpg', 'name': '屌丝java程序员', 'url': 'http://www.zhihu.com/api/v4/topics/', 'type': 'topic', 'excerpt': '', 'id': ''}}, {'company': {'introduction': '', 'avatar_url': 'https://pic3.zhimg.com/e82bab09c_is.jpg', 'name': '私立小公司', 'url': 'http://www.zhihu.com/api/v4/topics/', 'type': 'topic', 'excerpt': '', 'id': ''}, 'job': {'introduction': '', 'avatar_url': 'https://pic3.zhimg.com/e82bab09c_is.jpg', 'name': '屌丝iOS开发', 'url': 'http://www.zhihu.com/api/v4/topics/', 'type': 'topic', 'excerpt': '', 'id': ''}}, {'company': {'introduction': '', 'avatar_url': 'https://pic3.zhimg.com/e82bab09c_is.jpg', 'name': '家里咯', 'url': 'http://www.zhihu.com/api/v4/topics/', 'type': 'topic', 'excerpt': '', 'id': ''}, 'job': {'introduction': '', 'avatar_url': 'https://pic3.zhimg.com/e82bab09c_is.jpg', 'name': '一枚未来的个人开发屌', 'url': 'http://www.zhihu.com/api/v4/topics/', 'type': 'topic', 'excerpt': '', 'id': ''}}]",2,1,懒文化传播者,48b2fe5bff4321228aa3daff73a29bbe,False,False,False,False,False,小也,people,http://www.zhihu.com/api/v4/people/48b2fe5bff4321228aa3daff73a29bbe,chen-yang-12-79-84,people
False,7,0,https://pic2.zhimg.com/da8e974dc_is.jpg,https://pic2.zhimg.com/da8e974dc_{size}.jpg,,,0,-1,海技本科渣,4c0b0c22e901299a72d9dcf14d367165,False,False,False,False,False,不甘心,people,http://www.zhihu.com/api/v4/people/4c0b0c22e901299a72d9dcf14d367165,bu-gan-xin-82,people
False,0,0,https://pic3.zhimg.com/v2-02118e0499641c2e5f200f73891f8196_is.jpg,https://pic3.zhimg.com/v2-02118e0499641c2e5f200f73891f8196_{size}.jpg,,,1,0,看我,efe2abb1c5fe1a4975f6c2bc9fb81348,False,False,False,False,False,蓝先生的小妹妹,people,http://www.zhihu.com/api/v4/people/efe2abb1c5fe1a4975f6c2bc9fb81348,lan-xian-sheng-de-xiao-mei-mei,people
